2401;1171;2625967.9,1242734.5,2626076.3,1242787.4;wms_request.py -count 1000 -region 2590000 1210000 2650000 1270000 -minsize 1920 1080 -maxsize 2560 1440 -minres 0.01 -maxres 50
2366;1300;2630754.3,1237180.5,2630786.2,1237198
2202;1137;2599894.1,1259749.3,2600177.1,1259895.4
2365;1262;2606172.3,1228167.7,2606203.6,1228184.4
2395;1292;2610179.4,1249864.3,2610260.6,1249908.1
2332;1292;2627988.6,1244448,2629493.2,1245281.6
2494;1322;2599893.5,1231309.4,2600169.2,1231455.5
1981;1197;2601102.6,1218925.4,2601176.1,1218969.8
2020;1108;2614763.5,1245958.6,2614854.6,1246008.5
2054;1306;2595849.6,1252935.6,2595915.7,1252977.7
2428;1320;2601160.9,1222299.8,2601480,1222473.2
2405;1395;2613846.8,1237515.6,2614032.8,1237623.5
2030;1374;2609311.2,1236806.9,2609338.1,1236825.2
2368;1296;2623357.9,1239916.7,2623451.8,1239968.1
2117;1412;2613299.9,1228920.5,2613347.3,1228952.2
2426;1384;2629737.1,1244891,2629825.1,1244941.2
2459;1239;2638852.4,1243839.3,2639237.3,1244033.2
1954;1188;2613946.2,1246123.8,2614024,1246171.1
2310;1137;2607234.9,1227885.8,2607264.3,1227900.2
2458;1218;2601403.5,1220637.3,2601475.3,1220672.9
2420;1408;2604794.7,1226644.9,2604821.1,1226660.2
2152;1344;2616523.6,1254668.2,2616714.2,1254787.3
2231;1275;2614743.4,1243509.6,2614900.7,1243599.5
2380;1411;2632272.1,1245756.8,2632683.1,1246000.4
1932;1286;2597753.5,1231808.6,2597811.3,1231847.1
2113;1379;2638119.6,1249570,2638343.2,1249715.9
1922;1331;2612165.5,1248803.8,2612372.7,1248947.3
1953;1379;2607561.9,1236399.8,2607697.4,1236495.5
2492;1133;2600265.4,1259979.6,2600337.3,1260012.3
2077;1369;2609637.7,1230429,2609892.3,1230596.8
2433;1174;2609840.7,1233707.8,2609872.6,1233723.2
2117;1101;2612128.8,1231957,2612195.6,1231991.7
2460;1264;2606493.6,1231884.3,2606584.9,1231931.2
1985;1363;2612203.7,1252919.2,2612567.5,1253169
2237;1220;2624239.3,1236085.5,2624733.2,1236354.8
2204;1141;2607108.8,1232447.8,2607159.1,1232473.8
2003;1174;2634529.5,1243407.5,2634564.4,1243427.9
2391;1264;2614313.6,1253802.5,2614390.5,1253843.1
2119;1433;2610057.6,1227210,2610177.3,1227291
2307;1173;2616854.1,1254913.4,2617011.6,1254993.5
2516;1171;2604105.1,1221265.8,2604800.5,1221589.5
2472;1435;2618398,1256987.7,2618448.1,1257016.8
2505;1421;2615787.6,1243245.5,2615943.8,1243334.2
2000;1316;2634019.5,1243915,2634839.4,1244454.5
2305;1102;2603157.3,1220816,2603601.1,1221028.2
2557;1387;2616003.4,1225488.5,2616045.5,1225511.4
2373;1333;2604593,1220117.4,2604637.1,1220142.2
1943;1240;2626305.1,1237338.1,2626327.7,1237352.5
2265;1358;2606227.8,1233607.5,2606251.4,1233621.7
2298;1205;2608701.6,1226730.7,2609067.8,1226922.7
2556;1260;2613076.8,1231087.5,2613241.4,1231168.7
2271;1362;2607909.2,1245069.9,2607992.3,1245119.7
2542;1391;2623758,1236083.1,2624058.4,1236247.6
2428;1213;2615372.6,1240233.3,2616693.2,1240893.1
2513;1312;2599676.3,1251969.1,2599868.6,1252069.5
2156;1254;2639919.4,1251646.9,2640118.2,1251762.6
2181;1233;2616849,1226196.4,2617086.5,1226330.6
2500;1276;2628359.5,1239125.2,2628730.3,1239314.4
2135;1342;2605059.6,1225101.1,2605110,1225132.8
2555;1433;2596786.5,1230258.2,2597211.2,1230496.4
2372;1323;2609504.2,1243215.7,2609724.6,1243338.7
2452;1327;2636284.9,1243124.6,2636321.6,1243144.5
2204;1228;2615787.2,1243596.8,2615812.8,1243611.1
2278;1232;2638340.6,1251482,2638377,1251501.7
2018;1430;2601177.7,1219918.3,2602946.7,1221171.9
2155;1183;2618745.7,1223103.6,2618835.7,1223153
2238;1300;2601671,1227142.8,2602478.3,1227611.7
2509;1384;2615410.6,1237149.4,2615751.1,1237337.2
2139;1196;2634537.9,1248896.1,2634560.2,1248908.6
2398;1226;2610905.7,1232131.3,2610988.4,1232173.6
2061;1342;2595099.4,1229142.5,2595133.2,1229164.6
2357;1128;2630804.8,1239172.6,2630971.1,1239252.1
1965;1120;2617815.1,1225473.4,2617837.7,1225486.3
2447;1185;2605463.6,1247377.3,2605554.8,1247421.5
1926;1151;2638816.3,1243563.1,2639559,1244006.9
2074;1187;2603002.8,1233982.1,2603671.6,1234364.9
2062;1151;2622858.4,1242166.9,2622889.7,1242184.4
2331;1246;2608428.7,1226390.5,2608582.4,1226472.7
1989;1087;2615082.4,1252954.9,2615141.9,1252987.4
2049;1332;2596611.5,1217773.4,2596692.2,1217825.9
2121;1162;2623157.2,1237283.8,2623190.3,1237302
2243;1189;2600494.1,1248411.6,2600649.7,1248494.1
2096;1244;2609295.7,1233198.2,2609352.3,1233231.8
2018;1303;2624232.3,1241147.3,2624574.6,1241368.3
2304;1188;2621970.3,1237257.2,2622394.7,1237476.1
2002;1195;2604301.8,1259612.9,2604329.6,1259629.5
2163;1172;2623000.3,1243153.8,2623299.1,1243315.8
2070;1080;2605733.9,1223374,2605767.5,1223391.5
2060;1262;2608012.9,1225115,2609659.9,1226123.9
1950;1201;2608894.9,1244333.8,2609025.7,1244414.3
2358;1248;2595629.8,1217475.9,2595780.1,1217555.4
2159;1433;2611509.4,1237158.6,2611554.2,1237188.3
2120;1279;2610810.5,1223537.8,2610833,1223551.5
2063;1101;2618314.3,1241232.4,2619564.1,1241899.4
2250;1299;2614569.9,1242506.1,2614759,1242615.3
2033;1151;2610998.9,1251835.8,2611547.5,1252146.5
2376;1095;2623991.4,1235807.3,2624036.2,1235827.9
1989;1106;2616718.4,1227580.9,2616746.7,1227596.7
1925;1222;2608108.9,1232039.1,2608212.7,1232105
2144;1217;2633694.6,1249056.1,2633781.5,1249105.4
2130;1132;2614151,1252244.5,2614176.1,1252257.8
1941;1380;2611327.7,1242721.2,2611387.7,1242763.9
2361;1195;2608059.3,1233738.6,2608360.3,1233890.9
2123;1433;2625142.7,1238239.8,2625200.4,1238278.7
2386;1119;2604536.4,1220543.3,2605460.4,1220976.6
2214;1347;2638497.5,1249373.1,2638534.7,1249395.8
2425;1179;2621949.4,1244261.4,2622303.6,1244433.6
2212;1295;2616393.3,1254260.2,2616808.8,1254503.4
2127;1155;2618831.7,1246427.7,2618943.9,1246488.6
2476;1236;2604744.1,1223253.6,2604830.5,1223296.8
2120;1291;2602921.7,1225710.1,2603358.1,1225975.8
2457;1195;2637293.6,1246729,2637352.6,1246757.7
2156;1229;2636958.9,1244851.3,2637021,1244886.7
2377;1400;2599833.3,1215430,2599885.9,1215461
2544;1189;2610670.3,1236823.1,2610869.3,1236916.1
1981;1381;2617473.6,1255283.2,2617534.7,1255325.8
2432;1102;2629341,1243714,2629426.3,1243752.6
2536;1329;2596568.1,1215847.3,2596615.8,1215872.3
2303;1310;2611000.6,1232289.6,2611027.7,1232305
2437;1244;2636309.9,1247207.8,2636505.7,1247307.7
2552;1361;2604625.9,1235291,2604732.5,1235347.8
2530;1093;2599138.2,1253240.8,2599532.3,1253411.1
2154;1179;2622814.2,1239546.5,2622951.7,1239621.8
2466;1401;2599682,1229399.9,2599729.1,1229426.6
2120;1120;2611015.1,1247112.1,2611932.1,1247596.5
2453;1112;2608943.1,1227671.8,2609014,1227703.9
2289;1247;2613735.1,1225214,2613969.4,1225341.6
2514;1193;2607491.6,1226125.8,2608088.7,1226409.1
2266;1438;2620066.1,1238333,2620276.4,1238466.4
2280;1194;2624872.1,1237076.9,2625789.3,1237557.2
2138;1158;2613328.1,1227916,2613504.9,1228011.8
2556;1234;2612895.3,1251689.8,2613018.5,1251749.3
2192;1230;2629078.3,1243279.7,2629108.8,1243296.8
2470;1096;2630015.9,1242273.8,2630050.3,1242289
1975;1218;2614606.7,1252311.5,2615808.8,1253052.8
2033;1126;2609322.6,1239790.4,2609358.5,1239810.3
1942;1373;2606199.2,1260107.8,2606351.7,1260215.6
2072;1366;2604032.6,1232773.6,2604179.7,1232870.5
2420;1123;2604945.8,1257356.4,2605315.6,1257528
2327;1195;2602038.7,1232560.7,2602123.7,1232604.4
2537;1336;2602532.9,1247583.3,2602997.4,1247827.9
2434;1308;2594381.1,1229371.7,2594530.7,1229452.1
1995;1352;2621862.5,1237065,2622406.1,1237433.4
2367;1280;2600515.9,1214828.4,2600556,1214850.1
2174;1274;2611632.6,1233813.7,2611675.4,1233838.8
2555;1374;2615518.6,1242155.3,2615798.9,1242306.1
2392;1322;2617838.3,1256126.4,2617939.2,1256182.2
2194;1216;2597119.9,1251555.7,2597216.6,1251609.2
2507;1399;2598331.1,1227564.7,2599061.1,1227972.1
1966;1335;2612136.9,1242850.3,2612312.9,1242969.8
2538;1377;2628256.6,1241466.2,2628528.8,1241613.8
1930;1356;2612550.7,1246208.7,2612679.9,1246299.5
2503;1411;2602695.4,1230632.8,2602958.3,1230781
2226;1137;2596678,1252592.9,2596802.6,1252656.5
1924;1155;2604163.5,1231306,2604186.7,1231319.9
2064;1424;2614261.2,1227904.7,2614294,1227927.3
2073;1327;2600799.5,1258923.4,2600871.7,1258969.6
2477;1103;2601710,1217203.5,2601761.8,1217226.6
2278;1275;2619433.1,1257834.2,2619604,1257929.8
2378;1255;2623217.8,1241998.7,2623251.4,1242016.4
2295;1353;2599099.5,1217100.6,2599191.9,1217155
2164;1110;2619800.9,1237698,2619830.7,1237713.2
2314;1331;2611599.4,1225711.9,2611666.7,1225750.6
1921;1084;2631260.6,1244229.6,2631393.5,1244304.6
2033;1359;2605933.8,1223369.4,2605977.7,1223398.7
2215;1123;2601584.8,1215063.1,2601652.9,1215097.6
2504;1342;2604527.1,1247484.2,2604565.3,1247504.7
2512;1210;2616746.9,1238788.9,2617191,1239002.8
2103;1255;2614419.4,1256099.9,2614463.3,1256126
2369;1232;2633419.6,1242570.6,2633505.2,1242615.1
2373;1416;2623261.3,1241667.3,2623423.5,1241764.1
2264;1426;2622926.6,1242717.1,2624042.8,1243420.1
1942;1187;2617786.6,1240406.1,2618074.3,1240581.9
2356;1281;2642234.4,1243151.6,2642518.9,1243306.3
2175;1159;2598576,1216781.1,2598665,1216828.5
2116;1299;2607383,1226229.3,2607468.5,1226281.8
2540;1263;2611547.8,1247363.3,2611580.7,1247379.7
2419;1345;2605782.4,1226529.4,2606933,1227169.2
1921;1270;2603723.3,1225560.8,2604114.5,1225819.4
2304;1276;2617859.7,1246013.2,2617914.4,1246043.5
2474;1386;2618731.8,1241511.4,2618771.5,1241533.6
2454;1188;2600081.2,1252877.7,2600399.5,1253031.8
2389;1084;2601022.4,1217839.4,2601158.9,1217901.4
2536;1164;2601708.1,1230321.8,2601782.7,1230356.1
2132;1109;2627128.9,1243666.8,2627571.9,1243897.2
2108;1167;2632618.2,1244278.9,2632764.6,1244359.9
2183;1353;2636871.3,1243341,2636936.7,1243381.5
2061;1249;2601211.5,1232112.2,2601246.3,1232133.3
2238;1164;2614206.2,1243482.6,2614306.8,1243534.9
2199;1437;2602766.2,1225715.7,2602788.3,1225730.2
2439;1080;2623625.9,1240520.3,2624578.1,1240942
2135;1184;2608603.7,1233203.2,2608647.8,1233227.6
2028;1359;2614514.2,1255144.6,2615094.4,1255533.5
2184;1330;2610230.7,1240286.9,2610546.4,1240479.2
1998;1185;2598205.5,1218174.2,2598402,1218290.7
2501;1253;2603498.7,1219871.6,2603649.5,1219947.1
2396;1433;2606384.5,1232835.1,2607056.8,1233237.2
2106;1232;2608131.3,1250149.8,2609523.5,1250964.2
2182;1139;2616227.4,1252325.5,2616518.5,1252477.4
2080;1087;2605083.2,1258435.8,2605142.7,1258466.9
2560;1274;2624666.9,1240239.6,2624900.8,1240356
2229;1112;2596979.4,1229951.4,2597128,1230025.5
2059;1440;2610030.8,1227464.3,2610152,1227549.1
2087;1298;2618451.3,1239375.1,2619353.9,1239936.5
2080;1080;2633132.9,1242839.7,2633179.3,1242863.8
2368;1412;2622824.1,1234714,2623726,1235251.8
1958;1203;2609314.7,1248711,2609929.7,1249088.8
2364;1165;2604757,1223859.4,2605281.8,1224118
1965;1083;2629701.5,1237162.8,2629754.1,1237191.8
2149;1218;2637994.2,1249677.4,2638211.6,1249800.6
2510;1081;2608679.1,1224086.7,2608908.6,1224185.5
2157;1185;2615319.5,1242953.1,2615458.7,1243029.6
2126;1103;2598058.3,1229138,2598638.8,1229439.2
2119;1367;2638041.3,1245057.2,2638348.4,1245255.4
2103;1126;2612344.2,1246088.8,2612367.9,1246101.5
2175;1083;2622922.3,1235018.9,2624370.9,1235740.2
2230;1142;2619111.4,1243615.2,2621162.1,1244665.4
2111;1172;2615204.8,1252321.5,2616110.6,1252824.3
2018;1309;2598478.6,1226995.9,2598521.1,1227023.4
2260;1418;2614318.3,1238163.3,2614919.4,1238540.4
2500;1427;2610765.1,1244604,2611004.1,1244740.4
1944;1114;2629436.9,1239350.8,2629474.5,1239372.4
2021;1088;2624598,1241504,2624706.4,1241562.4
2041;1334;2613142,1227620.1,2613225.7,1227674.8
1987;1368;2631349.5,1243865,2631656.6,1244076.4
2492;1290;2605306.4,1231012.4,2606233.5,1231492.3
2506;1408;2612712,1229191,2614529.1,1230211.9
2279;1272;2629623.1,1236584.3,2629782.7,1236673.4
2019;1174;2597874.3,1251261.7,2598566.2,1251664
2173;1389;2609427.2,1229003.8,2609958.4,1229343.4
2010;1388;2616141.9,1238686.8,2616688.4,1239064.2
2061;1279;2607166.7,1230805,2607298.9,1230887.1
2385;1138;2617822.4,1256826.7,2617853.9,1256841.8
2530;1398;2614660.5,1254156.9,2615077.4,1254387.2
2436;1434;2600531,1231020.3,2600577.4,1231047.6
2187;1201;2634205.8,1249331.8,2634285,1249375.3
2154;1143;2615993.8,1224088.7,2616052,1224119.6
2463;1248;2606523.3,1230168.8,2606619.4,1230217.5
2427;1362;2596371.6,1227489.2,2596399.9,1227505.1
2558;1351;2598864.9,1227081.5,2598972.6,1227138.4
2463;1362;2595975.2,1227478.8,2597224,1228169.4
1947;1394;2638732.9,1253445.3,2638777.2,1253477
1937;1140;2614409.5,1257877.9,2614429.8,1257889.8
2509;1250;2610067.2,1236694.3,2610796.7,1237057.8
2238;1394;2608708.2,1228083.8,2608974.7,1228249.8
2295;1436;2609003.2,1246409.9,2609246.2,1246562
2427;1222;2625953.7,1241651.5,2626402.7,1241877.5
2056;1365;2597413.1,1227883.5,2597510.4,1227948.1
1927;1413;2606863.9,1260410.4,2606899,1260436.2
2391;1342;2631722.2,1241608.8,2632068.3,1241803.1
2176;1106;2613186.1,1239026.6,2613305.6,1239087.3
2353;1286;2614666,1227688.6,2614789.4,1227756.1
1938;1434;2623091.5,1238173.2,2623182.8,1238240.7
2062;1361;2619130.4,1257184.6,2619333.9,1257318.9
2075;1313;2612244.5,1223239.8,2612773.4,1223574.5
2071;1081;2606889.9,1227807.9,2606914.7,1227820.8
2285;1392;2625007.1,1242093.3,2625086.9,1242141.9
2049;1271;2634504.2,1248632.6,2634779.2,1248803.1
2521;1100;2611474.4,1237535,2611527.5,1237558.2
2261;1190;2619218.6,1239105.1,2619271.9,1239133.1
2231;1258;2628929.1,1244144.9,2629081.5,1244230.8
2510;1327;2607794.8,1247277.8,2607852.7,1247308.4
2319;1282;2605410.4,1229960.7,2605674.3,1230106.6
2189;1383;2621371.5,1240822.2,2621768,1241072.8
2047;1384;2602744.9,1230165.4,2602795,1230199.3
2026;1147;2627476.6,1243867.7,2627564.5,1243917.5
2050;1202;2605026.4,1231802.2,2605190.3,1231898.2
2438;1387;2614202.4,1252984.8,2614539.3,1253176.4
1989;1106;2615482.1,1256348,2615886.5,1256572.9
2286;1161;2612886.7,1237869.6,2612997.5,1237925.9
1961;1224;2611323.7,1233945,2611398.8,1233991.9
2498;1294;2603125.5,1221568.5,2603403.1,1221712.3
1967;1224;2642283,1246411.9,2642309.2,1246428.2
2538;1142;2605187.2,1223317.5,2605225.6,1223334.8
2390;1322;2603169.6,1226975.2,2603350.9,1227075.5
2463;1166;2603447,1234066.9,2603533.1,1234107.7
2350;1339;2606159.6,1224550.7,2606225.9,1224588.4
2175;1129;2616671.8,1240412.2,2616905.6,1240533.6
2549;1169;2624465.1,1242769.6,2624566.8,1242816.2
2523;1345;2625462.4,1239322.7,2625505.2,1239345.5
2288;1209;2623994.9,1235165.6,2624452.1,1235407.1
2139;1326;2608592.3,1249284.4,2608639.7,1249313.8
2438;1133;2618318.2,1244055.7,2618383.5,1244086.1
1978;1207;2616355.8,1242898.9,2616426.9,1242942.2
2535;1350;2603918.5,1256633.3,2603994.8,1256674
2225;1150;2642630.7,1249163.6,2642672.8,1249185.4
2213;1262;2623301.8,1240237.5,2623342.1,1240260.5
1968;1090;2606372.4,1248753.9,2606396.1,1248767
1982;1313;2608910.9,1246851.2,2608935.9,1246867.8
2450;1348;2609003.2,1237665.7,2609133.3,1237737.2
2052;1096;2607504.6,1234796.3,2607544.5,1234817.6
2046;1419;2596947.7,1230092.2,2597281.8,1230324
2149;1107;2613743.5,1225966.7,2613767.4,1225979
2370;1192;2615200.9,1244955.9,2615389.2,1245050.6
1990;1410;2596868.9,1252991.3,2597679.3,1253565.5
2420;1121;2614385.3,1237215.1,2614507.5,1237271.7
2055;1365;2608754.3,1227896,2609720.4,1228537.8
2340;1353;2612505.4,1225888.3,2612897.2,1226114.8
2532;1272;2641679.8,1250880.2,2641763.1,1250922.1
2029;1090;2612278.7,1224024.6,2612305.8,1224039.2
2478;1171;2634137.3,1247899.7,2634467.5,1248055.7
1974;1294;2613344.9,1224247.8,2613367.9,1224262.9
2027;1397;2608847.5,1247198.1,2608894.3,1247230.3
1920;1199;2605090.7,1246978,2605119.5,1246996
2214;1212;2606521.3,1229225.7,2606615.1,1229277
1936;1313;2620192.1,1243465.5,2620502.4,1243675.9
2102;1420;2637660.7,1248044.2,2638607.3,1248683.7
2329;1180;2622163,1245269.1,2622215.1,1245295.5
2072;1384;2610593.5,1249247.2,2610620.3,1249265.1
2168;1319;2608098.6,1246845.9,2608166.7,1246887.3
1933;1294;2606007.4,1258903.2,2606126.1,1258982.7
1941;1360;2614080.9,1247535.2,2614250.6,1247654
2508;1115;2607081.3,1234914.6,2607151.6,1234945.9
2355;1390;2610530.1,1227480,2610578.4,1227508.6
2144;1400;2600201.5,1227400.1,2600324,1227480.1
2248;1348;2633372,1242362.7,2633602.1,1242500.7
2125;1140;2637336.3,1249172.3,2637601.7,1249314.7
2063;1202;2616013.7,1253664.6,2616241.9,1253797.5
2439;1267;2603048.6,1231955.7,2603300.8,1232086.7
2446;1154;2604255.2,1257186,2604712.6,1257401.7
2005;1284;2611368,1229158.2,2611624.9,1229322.7
2480;1205;2603337.7,1232834.7,2603889.6,1233102.8
2345;1436;2595455.5,1251537.4,2595749.1,1251717.2
2441;1276;2601617.4,1231955.5,2601948.8,1232128.7
2443;1273;2630482.5,1241240.9,2630507.6,1241253.9
2005;1108;2608696.8,1230852,2608728.3,1230869.4
2453;1419;2638641.1,1248322.1,2638737.2,1248377.7
2195;1259;2630236.4,1246889.9,2630434.2,1247003.4
2516;1387;2609094.7,1231157.4,2609170.4,1231199.1
2279;1148;2619276.4,1239467.8,2619348.7,1239504.2
2251;1169;2595960.7,1227585.7,2596199.1,1227709.5
2065;1161;2603268,1257234.1,2603318.1,1257262.3
2185;1154;2608434.7,1248978.9,2608525,1249026.5
2317;1308;2602093.4,1256814.5,2602126,1256832.9
2238;1394;2628101,1236627.8,2628154.4,1236661
1951;1207;2598700.1,1233466.5,2598788.9,1233521.4
2407;1115;2616764.4,1245768.7,2616799.3,1245784.9
2450;1330;2610810.4,1244374.4,2610869.2,1244406.4
2243;1159;2624130.1,1243109.5,2624688.4,1243398.1
2084;1138;2619829.5,1238457.3,2620151.1,1238633
2287;1090;2617770.2,1243652.7,2618313.6,1243911.7
2253;1297;2608961.8,1228918.2,2608990.7,1228934.9
2517;1126;2615150.1,1226549.7,2616293.8,1227061.3
2420;1155;2628315,1244055.9,2629880.7,1244803.1
2383;1358;2596328.7,1226113.8,2596379.1,1226142.6
2503;1282;2611988.1,1244761.3,2613211.5,1245387.9
1959;1147;2605093.3,1231448.1,2605167.2,1231491.3
1981;1394;2616243.5,1244256.6,2616397.6,1244365
2518;1362;2611374.1,1246022.9,2611545,1246115.3
2231;1167;2601672.4,1214337,2601716.7,1214360.2
2075;1248;2612214.4,1240785.6,2612423.2,1240911.2
2450;1265;2609348,1247385.1,2609450.1,1247437.9
2190;1157;2620303.2,1241404.5,2620359.7,1241434.4
1940;1099;2640081.1,1243880.8,2640313.2,1244012.3
2506;1394;2609992.9,1236231.6,2610348.1,1236429.1
2342;1357;2604238.2,1227331.5,2604315.6,1227376.4
2086;1109;2610287.3,1244664.9,2611534.5,1245328
2523;1170;2625081.2,1242650.9,2625317.9,1242760.6
1924;1175;2605792.9,1232685.7,2606118.5,1232884.5
2140;1407;2629550.7,1244293.7,2630045.5,1244619.1
1997;1278;2626373.9,1236409.6,2626455.2,1236461.6
2246;1192;2609942.2,1228036.1,2609993.3,1228063.2
2342;1183;2628149.8,1244928.9,2628250.2,1244979.6
2499;1365;2596517.7,1253153.8,2596922.8,1253375.1
2036;1225;2604019.9,1228554.2,2604448.9,1228812.3
2508;1209;2604636.9,1219628.7,2604682.4,1219650.6
2207;1098;2641536.3,1247609.2,2641578.3,1247630.1
2202;1090;2602169.4,1228218.6,2602198.5,1228233
2147;1351;2634789.1,1247022.2,2634819.2,1247041.1
2171;1166;2601599.4,1217322.6,2601651.2,1217350.4
2433;1425;2629593.4,1239046,2629661.9,1239086.2
2355;1378;2627695.6,1244540.4,2629192,1245416
2105;1391;2600106.7,1231858.8,2600735.2,1232274.2
2364;1378;2597500,1229137.7,2598280.4,1229592.6
2270;1176;2613013.9,1249921,2613719.5,1250286.6
2183;1383;2605923.3,1232507.9,2606022.1,1232570.5
2539;1200;2601841.3,1233064.2,2601951.5,1233116.3
2486;1092;2609435.6,1240225.4,2609582.7,1240290
2481;1275;2613486.6,1240446.2,2613657.2,1240533.8
1937;1280;2610063.9,1235108.9,2610125.5,1235149.6
2257;1238;2613246,1227251.2,2613921.4,1227621.7
1982;1381;2610330.9,1249334.6,2610606.1,1249526.4
2474;1233;2640211.5,1248990.5,2640249.2,1249009.3
2472;1168;2604961.2,1224221.7,2604986.6,1224233.7
1976;1381;2638590.9,1247938.7,2638659.5,1247986.7
1971;1410;2611051.5,1225207.4,2611490.7,1225521.6
2452;1092;2602982.6,1220404.9,2603013.8,1220418.8
2468;1105;2606065.5,1256767.2,2606356.5,1256897.5
2190;1339;2607772.9,1250695,2607800.8,1250712.1
2190;1126;2609990.4,1238507.3,2610362,1238698.4
2212;1419;2618266.7,1239167.6,2618370.8,1239234.3
2541;1334;2639791.3,1242028.4,2639903.1,1242087.1
2093;1438;2619763,1246023.6,2620658.9,1246639.1
1974;1086;2601182,1232603.2,2601479.6,1232766.9
2100;1276;2604290.6,1234785.9,2605558.9,1235556.5
2097;1218;2642600.3,1250820.4,2642642.9,1250845.2
1994;1329;2640121.5,1246173.1,2640149.8,1246192
1949;1432;2603673.3,1231312.6,2603999.7,1231552.4
2132;1421;2610062.3,1240567.4,2610088.1,1240584.7
2205;1129;2600891.2,1259193.2,2600923.4,1259209.7
1920;1229;2611628.5,1237147.1,2611690.4,1237186.7
2074;1160;2639262.2,1254909.2,2639474.3,1255027.8
1930;1236;2601436.5,1220638.1,2601461.8,1220654.2
2009;1224;2616863.4,1243953.9,2617312.8,1244227.7
1941;1208;2637395.4,1244107.1,2637424,1244124.9
2199;1336;2614333.2,1255650.7,2614398.6,1255690.4
2416;1137;2612011.8,1223134,2612393.4,1223313.6
2166;1240;2621379.2,1237378.6,2621727.3,1237577.9
2294;1238;2638890.1,1245307.4,2639156.2,1245451
1955;1088;2627004.2,1238282.4,2627513,1238565.5
2229;1320;2618268.1,1254004,2618298.3,1254021.9
1964;1338;2632983.5,1246282,2633105,1246364.8
1969;1149;2602548.4,1219924.9,2602603.2,1219956.9
2533;1141;2601376.8,1221755.7,2601449.1,1221788.2
2115;1101;2606844.6,1236285.4,2606881.6,1236304.7
2150;1112;2594058.3,1229306.1,2595001.8,1229794.1
2183;1268;2621761.3,1243797.6,2621865.5,1243858.1
2390;1233;2606633.4,1236019.5,2606677.3,1236042.2
2290;1254;2623992.5,1238734.7,2624516.4,1239021.5
2105;1255;2617720.3,1258262.2,2617744.6,1258276.7
2538;1268;2614808.8,1258920.8,2614855.7,1258944.2
2330;1401;2601321.7,1248084.6,2601367.7,1248112.3
2132;1376;2613705.8,1257870.1,2614082.2,1258113.1
2112;1360;2619124.9,1243560.6,2619723,1243945.7
2413;1299;2602007.5,1259046.4,2602058.8,1259074
2264;1239;2594115.9,1229056,2594370.1,1229195.1
2307;1212;2618914,1244938.8,2620601.7,1245825.5
2511;1329;2619693.4,1243356.9,2619723.9,1243373.1
2211;1269;2594193.4,1228156.3,2594237.3,1228181.5
2079;1121;2604554.6,1232726.7,2604615.4,1232759.5
2399;1237;2607347.6,1235798.5,2607528.2,1235891.7
2127;1282;2604214.6,1258304,2604240.7,1258319.7
2409;1196;2610093.3,1236804.8,2611097.6,1237303.4
2281;1400;2597743.5,1226725.8,2597804.6,1226763.2
2493;1282;2596105.4,1227744,2596482.2,1227937.7
2336;1267;2606177.8,1259248,2606326.2,1259328.4
1962;1216;2609281.3,1230732.8,2609436.7,1230829.1
2024;1140;2633851.7,1250713.2,2633901.3,1250741.1
2400;1085;2599014.7,1216747.5,2599340.1,1216894.7
2323;1089;2641553.8,1250739.1,2642342.3,1251108.7
2208;1149;2619319.5,1243925.6,2621052,1244827.1
2089;1340;2607144.2,1250989.9,2607175.9,1251010.3
2131;1373;2603489.1,1231427.3,2603587.5,1231490.7
2238;1185;2600174.3,1233701.9,2601182.8,1234235.9
2268;1198;2607672.1,1249094,2607763.9,1249142.5
2315;1375;2611623.5,1245188.8,2611664.3,1245213
2038;1355;2614139.3,1251834.6,2614393.9,1252003.9
2390;1278;2614383.7,1249194.9,2614648.7,1249336.6
2132;1115;2613847.5,1243455.2,2613922.1,1243494.2
2485;1295;2616783.8,1259035.9,2616973.5,1259134.7
1943;1144;2600718.6,1253136.2,2600990.1,1253296.1
1922;1344;2612479.3,1249292,2612499.5,1249306.1
2029;1308;2636414.1,1249641.3,2636438.9,1249657.3
2447;1429;2624410.8,1236896.9,2624465.7,1236928.9
2274;1204;2630910.6,1238369.6,2630992.6,1238413
2300;1321;2616576.4,1243049.3,2616668.6,1243102.3
2376;1390;2612495.9,1224112.7,2612679.2,1224220
2305;1292;2639785.8,1243623.2,2640115,1243807.8
2190;1300;2634965.1,1246141.9,2635104.2,1246224.4
2446;1317;2619748.2,1245170.2,2619773.6,1245183.9
2188;1302;2609654.1,1229116.4,2609677.2,1229130.1
2240;1228;2612740.6,1238418.3,2612800.9,1238451.4
2261;1149;2613492.1,1258489.6,2613587.9,1258538.3
2350;1263;2639851.6,1248734.1,2640014.3,1248821.5
2139;1270;2603993,1257783.9,2604020.1,1257800
2039;1154;2611725.9,1239649.3,2612527.4,1240102.9
2319;1392;2600315.6,1216547,2601638.7,1217341.3
2139;1215;2604777.4,1256705.6,2605368.4,1257041.3
2321;1090;2595461.2,1251611.9,2595489.7,1251625.3
2020;1433;2611748.4,1242499.7,2611791.9,1242530.6
2338;1191;2641047.4,1254697.8,2641072.9,1254710.8
2110;1264;2627626.1,1243984.7,2627924.8,1244163.7
2216;1318;2618473.6,1239440.6,2618495.8,1239453.8
2420;1188;2600269.3,1217578.5,2600686.2,1217783.1
2382;1134;2636784.9,1242884.9,2636811.6,1242897.6
1928;1409;2607454.6,1228024.8,2608140.2,1228525.9
1979;1120;2639442.5,1254400.5,2639538.1,1254454.6
2493;1248;2606267.2,1224248,2607067.4,1224648.6
2148;1167;2610091.8,1249253.2,2610355,1249396.2
2376;1117;2604977.5,1236063,2605042.2,1236093.4
2377;1204;2613744.7,1250959,2613796.9,1250985.4
1966;1080;2610471.4,1237700.8,2610686.2,1237818.8
2090;1174;2596338.6,1228453.9,2596595.5,1228598.2
2395;1365;2601069,1220378.7,2604255.4,1222194.8
2180;1370;2616477.6,1245483.3,2616501.8,1245498.5
2161;1256;2611356.6,1225833.6,2611778.3,1226078.7
2198;1383;2624545.3,1236783.8,2624624.6,1236833.6
2214;1117;2605130.7,1229775,2605190.1,1229805
1927;1300;2593860.7,1228727.5,2593960.1,1228794.6
2476;1403;2621949.2,1237063.6,2621984.7,1237083.7
2185;1404;2607900.6,1239132.1,2607930.4,1239151.3
2466;1162;2617855.3,1245717.5,2618024.7,1245797.3
2483;1418;2600160.5,1225656.6,2600349.7,1225764.6
2033;1133;2605719.2,1223194.3,2606146.2,1223432.3
2177;1118;2627125.3,1242874.2,2627173.9,1242899.2
2406;1183;2600019.8,1230213.5,2600055.7,1230231.2
2377;1402;2611264.6,1230014.8,2611344.4,1230061.9
2022;1333;2603751.9,1247595.9,2603812.4,1247635.7
2077;1349;2604539.9,1257965.1,2604608.3,1258009.6
2372;1201;2619823.3,1240161.5,2621868.9,1241197.2
2540;1272;2616926.4,1256549,2616997.3,1256584.5
2536;1279;2603990.7,1218933.2,2604099.3,1218987.9
1989;1425;2615946.8,1225560.4,2616169.8,1225720.2
2384;1224;2604909.6,1220440.6,2605311.2,1220646.8
2310;1202;2601512.2,1227959.1,2602368.4,1228404.6
2483;1368;2628554.8,1245440,2629056.7,1245716.5
2484;1429;2608788.2,1225419.3,2608827.1,1225441.6
2160;1197;2628819.7,1235707.2,2628853,1235725.7
2113;1365;2594688.8,1227919.1,2594732.8,1227947.5
2063;1304;2626628.8,1237060.2,2626728.6,1237123.3
2350;1424;2608444.8,1234901,2608708.4,1235060.7
2509;1427;2600031.6,1259962.6,2600173.7,1260043.5
2518;1383;2602210.3,1220034.2,2605077.4,1221608.9
2399;1087;2633774.5,1250203,2633858.7,1250241.2
1977;1323;2638443.3,1246249.1,2638508.6,1246292.8
2009;1109;2624009.8,1239926.8,2624201.4,1240032.6
1959;1270;2599828.7,1214864.2,2599967.5,1214954.2
2420;1152;2637280.1,1248970.7,2637327.1,1248993.1
2030;1254;2595850.1,1252132.1,2595878.9,1252149.9
2033;1146;2617332.4,1245227.4,2617373.7,1245250.7
2112;1177;2612048.9,1237575.5,2612099.6,1237603.8
2207;1297;2598503.2,1231908,2598739.3,1232046.8
2507;1314;2601148.4,1231713.3,2601231.3,1231756.8
2327;1303;2596516.8,1253557.4,2596782,1253705.9
2111;1412;2637168.3,1248164.6,2637230.1,1248205.9
2554;1176;2639104.8,1242866.9,2639256.1,1242936.6
2245;1264;2637656,1244352.3,2637846.5,1244459.6
2446;1157;2596574.6,1253562.8,2596792.8,1253666
2275;1116;2600735.6,1220085.8,2600765.5,1220100.5
2237;1222;2596481.6,1228231.1,2596591,1228290.9
2394;1354;2615133.8,1240407.1,2615393.2,1240553.8
2221;1170;2606413.8,1247428.4,2606480.4,1247463.5
1927;1225;2617233,1252242.6,2617397.2,1252346.9
2297;1134;2630794,1241600.5,2630848.8,1241627.5
1961;1186;2602350.2,1230253.1,2602501.3,1230344.5
2130;1421;2601490.7,1248597.4,2602417.3,1249215.6
2556;1164;2640502.1,1246685.3,2640599.3,1246729.6
2456;1107;2609649,1239531.2,2609677.6,1239544.1
2155;1136;2604183.1,1222826.4,2604217.3,1222844.5
1943;1212;2605270,1219457.9,2605297.8,1219475.2
2445;1370;2602009.3,1219575.3,2602041.3,1219593.2
2487;1218;2601548.3,1255676.9,2601610.5,1255707.4
1997;1347;2613894,1247229.3,2614009.2,1247307
1926;1233;2609137.4,1246911.4,2609162.6,1246927.6
2094;1208;2641803.2,1245170.4,2642397.5,1245513.2
2161;1083;2609686.4,1245417.5,2610109.7,1245629.6
2210;1090;2636236.4,1249376,2637129,1249816.2
2200;1337;2612584.5,1247756,2612810.5,1247893.3
2103;1261;2616355.8,1239828.9,2616435.9,1239876.9
2360;1370;2596122,1253248,2596467.8,1253448.7
2189;1229;2614832,1251277.1,2614971.3,1251355.3
2260;1139;2626562,1237136.6,2626640.3,1237176.1
2406;1267;2623256,1242977.9,2624330.3,1243543.7
2488;1108;2633566.1,1244446.3,2633627.6,1244473.7
2193;1379;2597812.3,1216439.3,2597861.3,1216470.1
2040;1322;2618143.1,1253124.8,2618199.8,1253161.5
1965;1285;2617805.1,1246127.9,2617879,1246176.2
2549;1222;2618666.4,1243873,2618914.4,1243991.9
2465;1173;2618813.1,1237943.1,2618885.6,1237977.6
2063;1288;2618525.6,1255724.6,2618615,1255780.4
2219;1171;2612280.7,1253057.1,2612533.3,1253190.4
2132;1106;2639849.2,1243489.1,2640851.5,1244009.1
2186;1183;2639916.8,1243991.1,2639942.7,1244005.1
2181;1277;2595718.3,1217404.7,2596162.5,1217664.8
2241;1421;2608043.6,1246624.3,2608069.7,1246640.9
2060;1265;2616171.8,1240374.4,2616312.7,1240460.9
1971;1085;2615920.8,1227361.9,2615963.6,1227385.5
2559;1381;2639028.2,1249770.7,2640530.1,1250581.2
2074;1251;2619434.5,1243132.8,2619595.1,1243229.7
2310;1298;2615444.6,1255562.9,2615573.7,1255635.4
2366;1289;2603560.8,1246603.5,2603655,1246654.8
2315;1418;2598421.1,1217612.3,2598665.5,1217762
2277;1281;2617414.2,1255095.6,2617450.4,1255116
1960;1202;2602087.6,1219633.5,2603723.5,1220636.7
2245;1407;2616980,1245868.7,2617132,1245963.9
1927;1232;2610846.1,1247009.9,2611730.2,1247575.2
2273;1247;2617971.5,1254352.7,2618117.7,1254432.9
2400;1178;2604380.6,1231259.7,2604479.6,1231308.2
2430;1267;2602082.6,1230174.6,2602732.9,1230513.7
2218;1163;2608803.8,1250639.2,2609099.6,1250794.3
2185;1180;2610999,1242793.7,2611106.1,1242851.5
2084;1402;2605838.1,1232438.9,2605923.7,1232496.4
2017;1396;2601887.5,1220369.7,2602358,1220695.3
2270;1252;2595713.8,1217495.1,2595774.3,1217528.5
2498;1082;2611875.1,1236564,2611909.7,1236579
2323;1149;2633869.7,1242998.3,2633907.1,1243016.8
2352;1435;2608412.5,1231138.8,2608487.5,1231184.6
2304;1208;2642140.2,1243907.3,2642188.7,1243932.7
1924;1178;2603268.3,1228712.7,2603377.8,1228779.7
2515;1156;2601358.4,1218303.6,2601485.5,1218362.1
2115;1436;2599586.4,1252283.3,2599654.7,1252329.6
2125;1427;2642613.8,1246420.2,2642797.2,1246543.3
2383;1305;2598527.2,1225230.8,2598800.5,1225380.5
2220;1217;2606450.5,1236461.4,2606563.1,1236523.2
2279;1233;2614602.6,1252936,2614627.8,1252949.7
1947;1321;2626515.2,1237090.4,2626596.4,1237145.5
2392;1332;2612335,1253226.4,2612385.7,1253254.7
2418;1386;2599869.3,1253876.1,2599964.6,1253930.8
2015;1106;2599530.9,1221294.2,2599563.7,1221312.2
2546;1209;2604326,1235351.4,2605520,1235918.3
2040;1345;2619338.1,1242610.8,2619520.6,1242731.1
2244;1091;2608317,1239486.9,2608692.8,1239669.6
2088;1327;2605441.4,1230992.3,2605573.4,1231076.2
2443;1200;2604187,1258306.6,2604216.6,1258321.1
2114;1233;2639130.9,1248622.6,2639154.6,1248636.4
2093;1151;2609971.6,1227463,2610007.6,1227482.8
2505;1080;2618295.6,1242432.5,2618751.4,1242629
2536;1129;2605572,1236602.2,2605610.9,1236619.5
1925;1261;2611357.9,1232940.8,2611396.5,1232966.2
2011;1285;2611964.2,1240234,2612292.3,1240443.6
2242;1209;2639739.3,1253982.8,2640122.1,1254189.2
2327;1209;2610346.9,1242618.2,2610374.7,1242632.6
2148;1184;2618575.6,1241076.4,2618679.8,1241133.8
2232;1322;2601723.8,1228296.1,2601793.2,1228337.2
2410;1348;2621658,1244705.9,2621771.7,1244769.5
2384;1099;2609813,1235064.6,2609908.6,1235108.6
1988;1233;2639243.5,1253395.4,2639288.6,1253423.3
2305;1440;2626220.1,1237421.9,2626259.8,1237446.7
2320;1081;2640507.6,1254958.6,2640532.1,1254970.1
2350;1170;2610580.8,1247289.9,2610626.8,1247312.8
2503;1401;2606272,1236137.9,2606379.8,1236198.3
2424;1330;2603084.1,1231975.6,2603120.8,1231995.7
1931;1109;2612209.4,1239604,2612254.7,1239630
2356;1296;2603772,1234665.7,2605776.1,1235768.2
2167;1306;2608384.5,1248945,2608441,1248979
2125;1346;2621507.7,1236562,2621667.6,1236663.2
2482;1257;2621034.4,1238305.2,2621223.6,1238401
2465;1300;2610131.6,1228855.9,2610174.6,1228878.6
2065;1188;2628683.5,1244075.8,2629228.7,1244389.5
2294;1427;2641723.7,1250769.9,2642123.5,1251018.6
2552;1131;2604164.8,1219670.2,2604203.4,1219687.3
1940;1285;2620381.3,1245525.4,2620595.2,1245667
2418;1093;2616363.5,1239567.6,2617634.9,1240142.3
2103;1250;2621477.5,1246437.6,2621520.2,1246462.9
2289;1382;2611431.4,1252158.7,2611457.9,1252174.7
2452;1125;2611602.1,1232874,2611705.1,1232921.3
2206;1253;2603172.1,1232041.6,2604455.8,1232770.8
2141;1303;2604078.6,1257679.8,2604575.8,1257982.4
2307;1285;2597147.4,1251756,2598549.5,1252537
2045;1283;2610405.8,1252095.7,2610553,1252188
2162;1147;2599698.4,1214823.3,2599748.1,1214849.6
2480;1191;2597659.3,1229705.2,2597773.1,1229759.8
2477;1268;2602629.3,1226982.7,2602668.1,1227002.5
2089;1175;2620103.6,1240536.1,2620816.2,1240936.9
2558;1261;2640181,1243473.5,2641057.9,1243905.7
2253;1211;2617874.8,1241085.3,2617920.7,1241110
2546;1412;2606635,1258972.5,2606673.5,1258993.9
2201;1369;2601636,1255895.7,2601823.8,1256012.5
2095;1147;2640198,1245084.9,2640380.7,1245184.9
2325;1215;2601174.5,1222041.4,2601573.3,1222249.8
2008;1147;2615105.6,1245733.4,2615143.5,1245755.1
2262;1420;2606429.4,1234526.7,2606583.2,1234623.3
2011;1087;2613160.9,1243168.3,2613464.6,1243332.4
2095;1219;2599497.6,1229382,2599566,1229421.9
2062;1155;2606373.4,1260277.6,2606396.6,1260290.7
1984;1224;2634442,1248724,2634542.6,1248786
1959;1433;2606143.6,1232965.3,2606575.1,1233281
2474;1373;2609721.7,1236388.4,2610075.4,1236584.7
2149;1291;2618079.2,1242932.1,2620870.5,1244609
2017;1137;2614342.4,1247807.5,2614364.4,1247819.9
1930;1108;2634578.3,1242957,2634647.4,1242996.7
2273;1226;2611953.7,1242604.8,2612063.9,1242664.2
2027;1248;2616798.1,1242377.9,2617187.8,1242617.8
2096;1232;2612659.1,1239339.9,2612903.7,1239483.7
2357;1194;2636679.2,1244297.7,2636763.9,1244340.6
2217;1261;2609461.5,1246202.3,2609552.3,1246253.9
2066;1157;2639715.7,1248001.6,2640019,1248171.5
2081;1252;2615712.3,1256055.2,2616008.6,1256233.5
2415;1434;2629405.2,1243857.2,2629622,1243985.9
2428;1251;2630093.6,1242752.9,2630123.9,1242768.6
2360;1421;2596354.4,1227610.1,2597066.7,1228039
2040;1343;2606736.5,1229530.5,2606790.6,1229566.1
2518;1178;2625740.2,1238524.9,2625773.6,1238540.5
2392;1227;2616965.6,1241846.3,2616995.9,1241861.8
2269;1288;2630131.6,1243967.9,2630207.6,1244011.1
1987;1113;2617886.7,1240034.5,2617996.7,1240096.2
2507;1249;2602311.1,1228082.2,2602669.2,1228260.6
2325;1366;2601564,1248274.9,2602405.6,1248769.3
2505;1175;2631937.7,1241760.3,2631976.9,1241778.7
2341;1168;2604232.8,1228999.7,2604559,1229162.4
2220;1359;2601884.8,1229720,2602506.7,1230100.8
2500;1306;2595809.1,1229029.9,2596042.7,1229151.9
2033;1434;2615802.6,1252338.3,2616166.6,1252595.1
2465;1396;2614350,1224506.3,2614640.8,1224670.9
2241;1431;2599637,1231485.5,2599682.6,1231514.6
2517;1401;2610216.4,1250178.4,2610446.8,1250306.6
2318;1162;2614123.3,1244855.4,2614247.2,1244917.5
2038;1241;2601530.2,1247042.5,2601600.7,1247085.4
1967;1401;2641012,1246747.2,2641234.6,1246905.7
2400;1356;2606370.2,1227559,2606715,1227753.8
2029;1109;2601918.8,1246640.5,2601980.2,1246674.1
2122;1154;2609256.7,1249193.3,2609370.8,1249255.3
2184;1273;2612100.7,1223595,2612400.8,1223769.9
2275;1232;2620059.3,1246239.3,2620531.9,1246495.2
2037;1345;2596869.2,1253400.1,2596922.7,1253435.4
2334;1136;2623959.9,1239431.6,2624018.5,1239460.1
2354;1344;2595597.4,1228338.8,2595809.4,1228459.8
2094;1225;2608771.4,1249302.6,2609071.6,1249478.3
2084;1357;2622406.2,1235276.3,2622458.3,1235310.2
2496;1140;2595210.9,1228189.7,2595319.7,1228239.4
2163;1303;2610689.3,1238423.7,2610713.5,1238438.3
1946;1139;2616190.1,1244050.8,2616494,1244228.7
2186;1095;2623109.2,1242165.6,2623605.3,1242414.1
2267;1362;2633553.1,1249329.9,2633661.2,1249394.8
2117;1200;2601149.5,1248409.6,2601235.5,1248458.4
2084;1302;2613687.5,1252161,2615365.4,1253209.4
2195;1142;2601076,1227339.7,2601104.5,1227354.5
2294;1307;2610326.3,1232108.8,2610386.2,1232142.9
2432;1387;2594106.2,1228671.9,2594893.8,1229121.1
2018;1290;2599990,1227886.8,2600015.2,1227903
2533;1316;2599669.3,1220196,2600197.7,1220470.5
2274;1268;2594600.8,1226960,2594681.2,1227004.9
2067;1315;2618283,1245875.3,2618543.8,1246041.3
1983;1179;2609612.1,1231510.8,2609762.1,1231600
2208;1149;2611664.1,1227837.5,2611809.8,1227913.3
2220;1414;2607244.4,1246122.6,2607281.7,1246146.3
2168;1179;2632972.2,1246205.9,2633004.2,1246223.3
2024;1436;2613625.8,1227545,2613651.6,1227563.3
2435;1430;2617035.7,1242833.3,2617138.9,1242893.9
2443;1416;2623826,1242001.9,2624050.2,1242131.9
2349;1295;2640170.2,1256228.7,2640284.3,1256291.6
2045;1187;2618218,1254947.1,2618289.5,1254988.6
2146;1383;2629406.1,1242835.4,2629694.3,1243021.1
2025;1250;2604960.3,1223387.7,2605052.4,1223444.6
2212;1315;2640888.4,1247556.6,2641566.9,1247960
2415;1260;2599075.4,1253164.8,2599198.7,1253229.1
2469;1338;2615688.2,1251114.3,2615957.9,1251260.4
2352;1365;2604331.7,1234864.3,2604609.2,1235025.4
2203;1355;2624740.6,1239320.1,2624787.5,1239349
2164;1341;2606082.8,1246968.5,2606133.3,1246999.8
2479;1415;2609573.1,1245384.6,2610644.5,1245996.1
1943;1290;2601121.5,1248985.7,2602336.5,1249792.4
2546;1102;2601537.9,1222073.1,2601619,1222108.2
2143;1135;2602078.9,1230530,2602223.4,1230606.6
2017;1245;2638014.3,1244874.4,2638106.7,1244931.4
1963;1083;2609623.8,1234739.4,2609699.2,1234781
1926;1327;2595256.5,1218321.9,2595482.1,1218477.3
2304;1262;2600322.2,1214962.5,2600665,1215150.3
2555;1216;2613645.4,1258205,2613737,1258248.6
2361;1155;2602993.5,1247875.8,2603446.4,1248097.3
2490;1165;2610667.7,1228289.1,2610745.6,1228325.5
2112;1419;2616705.5,1251634.5,2616753.6,1251666.8
2304;1240;2613339.9,1230257.6,2613432.6,1230307.5
2541;1198;2627407,1235610.9,2627497.5,1235653.5
2303;1095;2618884.7,1240951.5,2619156.1,1241080.6
2444;1373;2630779.5,1246152.9,2631253.2,1246419
2057;1422;2620710.3,1240248.1,2620745.8,1240272.6
2193;1277;2618208.3,1258341.7,2618260.8,1258372.3
2061;1407;2599269.5,1228414.5,2599413.5,1228512.8
2530;1144;2608994.9,1245146.1,2609615.5,1245426.7
2398;1429;2603872.5,1232051.7,2604461.1,1232402.5
2161;1358;2609078.1,1236333.5,2609626.7,1236678.2
2354;1403;2610101.7,1238787.3,2610229.6,1238863.6
2088;1342;2614618.1,1252633,2614748.1,1252716.6
2055;1314;2621394.2,1238081,2621653.8,1238247
2141;1307;2637979,1245414.2,2638000.6,1245427.4
2435;1337;2635622.6,1245324.7,2635891.9,1245472.6
2240;1143;2609268.1,1231551.6,2609612.8,1231727.5
2006;1360;2605093.9,1225687.8,2605132.4,1225713.9
2252;1142;2628840.4,1243244.9,2630425.2,1244048.6
2317;1350;2610304.2,1225251.7,2610369.2,1225289.6
2298;1174;2606763.2,1233089.8,2607453.4,1233442.5
2253;1366;2596917.1,1227381.5,2597050,1227462.1
2526;1295;2601304.1,1247390.5,2601446.7,1247463.6
2544;1263;2599366.8,1226008.8,2599408.2,1226029.4
1949;1234;2612119,1237522.4,2612224.2,1237589
2466;1097;2627933.4,1237336,2627978.1,1237355.9
2459;1183;2640036.9,1244619.9,2640067.6,1244634.7
2478;1390;2604671.2,1227895,2604721.9,1227923.5
2165;1146;2606561.2,1225894.7,2606620.7,1225926.2
2546;1270;2613826.1,1252435.8,2615768.6,1253404.8
2194;1151;2616045.8,1237981.9,2616558.9,1238251.1
2462;1360;2618040.3,1245057.5,2618596.9,1245364.9
2347;1248;2606026.3,1235027.9,2606231.8,1235137.2
2463;1216;2613281.9,1258345.6,2615013.1,1259200.4
2534;1359;2619185.6,1245772.5,2620197,1246314.9
2355;1254;2638718.5,1254404.3,2638798,1254446.6
2018;1409;2608643.5,1224702,2609052.8,1224987.8
2548;1166;2615879.4,1252358.6,2615961.3,1252396.1
2108;1081;2616474.9,1241583.4,2616770.9,1241735.2
2461;1195;2602669.5,1221210.2,2603471.6,1221599.7
2466;1218;2593683.3,1228492.2,2593867.4,1228583.1
2026;1129;2601701.9,1231932.1,2601765,1231967.3
2468;1389;2606940.5,1246342.2,2607875.6,1246868.4
2266;1212;2610789.9,1244307.9,2610947.1,1244392
2186;1280;2613594.3,1248800.1,2613914,1248987.3
2526;1163;2604258.6,1234308.4,2605505.9,1234882.7
2245;1272;2618638.7,1240229.7,2619727.1,1240846.4
2037;1361;2612020.7,1242063.2,2612500.9,1242384
2139;1382;2629429,1238219.8,2629561,1238305
2220;1416;2607608.4,1234060.2,2607760.7,1234157.3
2199;1200;2602861.3,1247163.9,2602905.2,1247187.9
2313;1387;2612638.3,1247609.1,2612674.9,1247631
2179;1381;2600901.5,1256023.4,2600964.1,1256063
2416;1358;2598850.5,1231282.2,2599024,1231379.8
2337;1317;2594926.4,1228514.6,2595339.5,1228747.4
2103;1155;2627776.8,1237125.7,2627917.9,1237203.3
2313;1173;2639540.9,1250713.6,2639689.2,1250788.9
2101;1385;2611331.9,1227218.3,2611355.4,1227233.8
2085;1374;2629631.1,1241647.9,2629811.7,1241767
2175;1281;2598234.3,1254278,2598257.1,1254291.4
2405;1226;2621716.9,1235739.6,2621802.5,1235783.2
1946;1232;2599131.3,1217684,2599231.2,1217747.2
2433;1161;2614879.5,1251561.7,2614973.2,1251606.3
2085;1421;2611307.5,1245540.7,2611641.2,1245768.2
2054;1345;2604776.6,1230993.5,2605189.3,1231263.7
2363;1130;2636976.2,1249889.2,2637006.7,1249903.7
2058;1237;2612587.3,1231588.9,2612622.2,1231609.9
2357;1241;2619327.5,1244934.1,2619420.4,1244983
2512;1168;2614005.7,1247576.1,2614082.9,1247612
2274;1185;2616678.8,1240794.8,2616711.9,1240812.1
2463;1423;2618721.4,1258519.2,2618776,1258550.7
2170;1368;2633520.1,1247730.1,2634122.1,1248109.6
2372;1347;2624438,1242478.3,2624772.9,1242668.5
2552;1331;2611593,1245331.2,2611738.4,1245407
2423;1378;2593719.7,1228787.1,2593771.5,1228816.6
2042;1429;2614764.7,1249272.1,2614859.4,1249338.4
2359;1170;2631041,1241535.6,2631079.3,1241554.5
2038;1363;2617427.7,1258021,2617500.7,1258069.9
2407;1215;2616774.8,1255539.9,2617096.5,1255702.3
2426;1397;2615354.9,1243414.9,2617489.5,1244644.1
1988;1204;2638614.4,1241671.7,2639286,1242078.4
1959;1213;2604801.3,1222678.2,2604945.2,1222767.3
2275;1386;2613417.9,1246330.9,2613463.7,1246358.8
2530;1433;2598029.5,1226300.1,2598101.1,1226340.7
2430;1127;2627940.7,1243329.6,2627982.7,1243349.1
2519;1350;2602071.2,1228841.1,2602662.7,1229158.1
2468;1127;2598359,1252064.1,2598568.8,1252159.9
2022;1265;2612919.6,1230684.6,2612968.1,1230715
2382;1426;2598743.9,1228788.6,2598876.6,1228868
2212;1306;2636320.1,1248737.4,2636345.6,1248752.5
2385;1307;2624340.9,1238959.8,2624426.6,1239006.8
2230;1226;2602085.4,1233491.5,2602113.3,1233506.9
2324;1105;2600433.3,1233001.1,2600457.4,1233012.5
2356;1427;2614707.3,1253469,2614737.2,1253487.1
2072;1306;2614459.3,1239873.1,2614684.7,1240015.2
2423;1354;2628990.1,1238459.7,2629227.2,1238592.2
2247;1255;2615950.9,1251857.6,2616253.9,1252026.9
2442;1382;2614077.1,1237178.7,2615666.3,1238078.1
2418;1229;2617673,1240203.6,2617705.3,1240220.1
1929;1283;2610890.7,1247956.7,2611351.6,1248263.3
2112;1140;2623501.7,1237835.4,2623659.1,1237920.4
2092;1398;2613970.2,1247576.5,2614047.7,1247628.3
2300;1367;2598837,1216845.1,2598883,1216872.5
2121;1331;2605781.2,1236194.2,2607294.9,1237144.1
2477;1126;2615972.4,1258123.8,2616286.3,1258266.5
2211;1094;2603883.6,1227133,2603947.6,1227164.6
2352;1384;2595235.5,1229449.5,2595480.5,1229593.7
2183;1387;2614359,1258614.4,2614395.5,1258637.6
2285;1101;2605944.1,1236781.1,2606018,1236816.7
2123;1205;2602359.4,1257118.4,2602465.8,1257178.8
2421;1125;2605026,1232700.6,2605086.8,1232728.9
2022;1268;2609476.7,1241014.5,2609594.6,1241088.4
2143;1342;2620195.6,1239086.1,2620267.2,1239130.9
2164;1266;2630175.1,1245476.8,2630260.5,1245526.8
2494;1427;2609927.6,1241022.4,2609958.6,1241040.2
2139;1419;2622633.6,1242330.1,2622665,1242350.9
2419;1370;2612983.2,1259069.3,2613014.8,1259087.2
1921;1242;2611541.5,1227910.5,2611652.7,1227982.5
2547;1258;2633561.1,1245813.7,2633591.1,1245828.6
2544;1398;2615279.6,1225632.3,2615341.7,1225666.4
2127;1111;2595037.9,1230399.7,2595131.2,1230448.4
2005;1182;2596009,1227445.3,2596882.8,1227960.4
2015;1361;2609340.9,1240166.3,2609389.8,1240199.4
2187;1234;2597240.4,1252411.2,2597499.3,1252557.3
2534;1325;2621356.9,1241756.9,2621402.3,1241780.6
1990;1169;2623513.5,1240926.7,2623683.5,1241026.6
2144;1381;2601469.8,1232392.8,2601542.7,1232439.8
2290;1283;2611725.4,1241037.7,2611762.2,1241058.3
2060;1103;2618329.8,1245084,2618404.4,1245123.9
1932;1265;2615806.7,1251248.7,2616144.7,1251470
2521;1100;2605050.3,1228843.2,2605179.9,1228899.7
2507;1309;2601516.3,1248004.8,2601662.5,1248081.2
1936;1241;2598900,1252098.1,2599223.5,1252305.5
2268;1325;2624904.9,1238621.6,2624990.7,1238671.7
2002;1401;2601624.5,1234111.1,2601693.9,1234159.7
2010;1319;2608635.3,1237392,2609013.8,1237640.4
2185;1098;2603523.6,1235815.5,2603550.3,1235828.9
2383;1247;2597272.4,1227394.8,2597345.3,1227433
2551;1363;2596006.1,1219097.3,2596116.6,1219156.3
2496;1259;2614830.4,1225487.6,2614954.6,1225550.3
2555;1438;2612727.4,1225871.4,2612773.9,1225897.6
2547;1408;2600827.9,1256461.3,2601262,1256701.3
2337;1199;2604610.2,1231172.8,2604706.8,1231222.4
2448;1376;2604633.9,1227919.6,2604666.5,1227937.9
2433;1235;2622919.5,1241717.4,2623208.2,1241863.9
2558;1265;2615814.5,1243910.2,2615872.9,1243939.1
2488;1358;2593658.5,1227859.3,2593713.3,1227889.2
1933;1207;2634509.3,1244880.4,2634563.8,1244914.4
2548;1398;2601898.7,1247728.2,2602579.1,1248101.5
2357;1339;2638271.5,1249111.4,2638304.1,1249130
2422;1405;2616498.1,1241128.1,2617112.1,1241484.2
2023;1149;2615589.2,1245883.8,2615753.1,1245976.9
2545;1254;2610068.1,1241273.5,2610172.1,1241324.8
2064;1198;2635853.4,1245214.9,2635968.2,1245281.5
2185;1234;2628176.7,1245447.7,2628231.3,1245478.6
2514;1132;2599809.2,1229105.4,2599903.2,1229147.7
2305;1267;2610530.2,1228534.5,2610667.4,1228609.9
2239;1222;2641532.2,1246281.6,2641894.3,1246479.2
2494;1137;2596940.3,1226747.1,2597046.9,1226795.7
2326;1323;2619223.4,1239607.4,2619259.8,1239628.1
2093;1337;2641310.3,1243327.3,2641442.5,1243411.7
2255;1178;2614901.6,1237396.5,2615400.5,1237657.1
2330;1310;2614718.3,1251284,2616162.1,1252095.8
2389;1230;2597194.8,1216140.1,2597356,1216223
2310;1112;2619370.4,1256898.7,2619759.7,1257086.1
2280;1289;2628458.5,1234880.6,2628875.6,1235116.5
2410;1274;2599485.6,1252153.5,2599517.7,1252170.5
1987;1439;2600164.8,1217153.5,2600187.3,1217169.9
2451;1372;2612991.8,1242917.1,2614661.5,1243851.7
2003;1211;2601048.7,1230122.8,2601108.7,1230159.1
2287;1183;2629284,1242872.1,2629410.2,1242937.3
2422;1097;2639202.1,1246846.6,2639322.5,1246901.1
1949;1403;2608307.5,1238514.9,2608517.6,1238666.1
2152;1162;2603425,1257950.6,2603491.8,1257986.7
2103;1386;2613073.8,1252926.3,2613112.3,1252951.6
1969;1340;2603840.2,1258221,2603865.9,1258238.5
1940;1300;2639863.7,1250057.8,2639926.1,1250099.7
2069;1209;2607229.4,1234391.9,2608133.4,1234920.1
2452;1148;2603842.5,1225425.6,2604456.7,1225713.2
2450;1105;2600384.8,1214826.5,2600569.3,1214909.7
1999;1410;2611169.8,1237172.7,2611320.2,1237278.8
2005;1181;2641468.3,1250053.6,2641552.1,1250103
2427;1284;2605454.3,1235950.3,2605616.8,1236036.3
2288;1411;2596938.4,1224306.3,2597986.4,1224952.7
1955;1094;2601890.6,1220058.4,2601984.2,1220110.8
2080;1315;2639506.5,1252392.4,2639544.1,1252416.2
2497;1338;2618260.9,1246101.1,2618449.1,1246201.9
2303;1421;2618345.4,1238312.6,2618804.7,1238595.9
2066;1130;2602000,1228533.7,2602035.1,1228552.9
2391;1324;2635521.7,1244329.3,2635739.8,1244450.1
2015;1248;2614806.6,1239553.5,2615160.3,1239772.6
2250;1425;2630832.5,1244203.9,2631064.7,1244350.9
2117;1220;2600332.7,1220653.2,2600690.7,1220859.5
2133;1326;2616221.3,1253498,2616264.9,1253525.1
2415;1183;2620648.4,1238426,2621330.4,1238760.1
2366;1113;2614590,1243215.6,2617112.1,1244402
2355;1229;2605313.7,1257651.8,2605636.6,1257820.3
2205;1272;2610939.9,1248196.4,2610972.7,1248215.3
2322;1169;2608382.5,1233070.5,2608476.9,1233118
2215;1410;2607604.1,1238254.1,2607649.8,1238283.2
2381;1325;2641083.5,1249449.8,2641218,1249524.7
1928;1102;2610604.9,1243132,2611374.9,1243572.1
2407;1159;2618860.8,1243447,2619588.6,1243797.4
2456;1155;2605077.2,1231685.5,2605158.8,1231723.9
2327;1314;2603104.4,1256429.6,2603307.9,1256544.5
2117;1183;2600061.2,1252751.8,2600118.7,1252783.9
2355;1358;2606822.3,1231890.7,2607893,1232508.1
2271;1154;2631286.3,1247444.4,2631585.7,1247596.5
2256;1179;2601360.2,1219681.3,2601406.7,1219705.6
2226;1407;2606554,1231334.4,2606924.9,1231568.8
2196;1408;2604908.3,1236606.6,2605772.5,1237160.6
2457;1316;2621980.7,1244479.9,2622092,1244539.5
2436;1189;2602514.9,1232646.7,2602800.2,1232786
2133;1400;2612522.5,1252873.6,2612573,1252906.7
2307;1197;2623505.5,1236035,2624584.5,1236594.9
2286;1123;2635010.8,1244790.3,2635474.6,1245018.2
2122;1182;2622043.1,1237681.3,2622223.2,1237781.6
1982;1099;2617044.4,1238865.9,2617087,1238889.5
2344;1117;2623977.2,1238008.9,2624035.9,1238036.8
2476;1433;2629796.3,1238899.5,2629910,1238965.3
2093;1343;2609496.6,1228626,2609533,1228649.4
2411;1238;2633831,1244539.3,2633983.9,1244617.9
1970;1362;2635168.3,1246160.4,2635192.8,1246177.4
2478;1082;2634432.2,1244049.4,2634530.9,1244092.5
2377;1165;2622600,1236109.5,2622671.5,1236144.5
2433;1154;2612661.5,1248227.4,2612802.7,1248294.3
2174;1405;2632595.9,1243086.1,2632767,1243196.7
2484;1430;2614202,1245398.1,2614370.8,1245495.3
2225;1368;2619997.2,1241109,2620445.5,1241384.6
2414;1161;2619880.5,1241644.5,2619920.7,1241663.9
2483;1137;2625887.4,1234330.9,2625944.5,1234357.1
1956;1315;2610760.7,1232881.3,2610780.3,1232894.5
2151;1414;2610310.8,1229345.8,2610350.8,1229372.1
2401;1085;2616444.2,1255440.5,2616935.8,1255662.7
2364;1257;2597964.6,1217912.9,2598161.5,1218017.7
2261;1305;2603081,1247967.7,2603185.8,1248028.1
2221;1309;2639153.3,1248981.5,2639184.6,1248999.9
2113;1155;2603057.7,1236033.6,2603185.7,1236103.6
2190;1198;2629198.2,1243403.2,2629258.3,1243436
2095;1391;2599654.5,1231094.2,2599852.2,1231225.5
2290;1161;2613759.1,1230672.5,2613970.6,1230779.8
2061;1186;2614989.8,1252956.8,2616292.2,1253706.2
2190;1287;2613561,1257583.6,2613787.5,1257716.7
2022;1239;2600535.1,1229173.3,2600562.3,1229190
1979;1099;2612554.7,1248230.7,2612739.3,1248333.2
2370;1251;2597018.4,1225818.5,2597058.3,1225839.6
2343;1397;2641250.7,1247250.8,2641337.8,1247302.7
2318;1393;2624147.8,1235109.9,2624383.1,1235251.3
2483;1281;2602380.8,1220855.2,2602409,1220869.8
2509;1316;2610080.5,1237049.1,2611321.4,1237700
2122;1238;2626936.6,1239838.5,2627148.5,1239962.1
2009;1147;2608775.9,1236486.5,2608871,1236540.8
2245;1252;2618282.4,1238945.6,2618329.9,1238972
2076;1162;2615423.2,1245082.4,2615758.8,1245270.3
2371;1116;2616149.2,1238528.8,2617342.5,1239090.5
2153;1427;2616991.8,1251809.1,2617564.3,1252188.5
1954;1170;2608636.6,1239083.3,2608706.4,1239125.1
2315;1336;2616028.1,1245415.5,2616053.6,1245430.2
2132;1313;2606107.5,1224205.4,2606155,1224234.7
